raw,url,,,,,,,,
https://www.amazon.com.au/Thermos-Stainless-Ounce-Travel-Handle/dp/B00ETP7DAW/ref=sr_1_103?dchild=1&m=ANEGB3WVEVKZB&qid=1601494762&refinements=p_36%3A3900-5000%2Cp_n_free_shipping_eligible%3A5363790051%2Cp_72%3A2547912051%2Cp_6%3AANEGB3WVEVKZB&rnid=5355409051&s=kitchen&sr=1-103,'https://www.amazon.com.au/Thermos-Stainless-Ounce-Travel-Handle/dp/B00ETP7DAW/ref=sr_1_103?dchild=1&m=ANEGB3WVEVKZB&qid=1601494762&refinements=p_36%3A3900-5000%2Cp_n_free_shipping_eligible%3A5363790051%2Cp_72%3A2547912051%2Cp_6%3AANEGB3WVEVKZB&rnid=5355409051&s=kitchen&sr=1-103',,,,,,,,
https://www.amazon.com.au/Primula-Burke-Coffee-Maker-PBPBK-5101/dp/B0711WZ7S7/ref=sr_1_104?dchild=1&m=ANEGB3WVEVKZB&qid=1601494762&refinements=p_36%3A3900-5000%2Cp_n_free_shipping_eligible%3A5363790051%2Cp_72%3A2547912051%2Cp_6%3AANEGB3WVEVKZB&rnid=5355409051&s=kitchen&sr=1-104,'https://www.amazon.com.au/Primula-Burke-Coffee-Maker-PBPBK-5101/dp/B0711WZ7S7/ref=sr_1_104?dchild=1&m=ANEGB3WVEVKZB&qid=1601494762&refinements=p_36%3A3900-5000%2Cp_n_free_shipping_eligible%3A5363790051%2Cp_72%3A2547912051%2Cp_6%3AANEGB3WVEVKZB&rnid=5355409051&s=kitchen&sr=1-104',,,,,,,,
https://www.amazon.com.au/madesmart-Classic-Expandable-Silverware-White/dp/B001340LA6/ref=sr_1_7?dchild=1&m=ANEGB3WVEVKZB&qid=1601494762&refinements=p_36%3A3900-5000%2Cp_n_free_shipping_eligible%3A5363790051%2Cp_72%3A2547912051%2Cp_6%3AANEGB3WVEVKZB&rnid=5355409051&s=kitchen&sr=1-7,'https://www.amazon.com.au/madesmart-Classic-Expandable-Silverware-White/dp/B001340LA6/ref=sr_1_7?dchild=1&m=ANEGB3WVEVKZB&qid=1601494762&refinements=p_36%3A3900-5000%2Cp_n_free_shipping_eligible%3A5363790051%2Cp_72%3A2547912051%2Cp_6%3AANEGB3WVEVKZB&rnid=5355409051&s=kitchen&sr=1-7',,,,,,,,
https://www.amazon.com.au/Mercer-Culinary-Genesis-10-Inch-Bolster/dp/B00DT1XICO/ref=sr_1_8?dchild=1&m=ANEGB3WVEVKZB&qid=1601494762&refinements=p_36%3A3900-5000%2Cp_n_free_shipping_eligible%3A5363790051%2Cp_72%3A2547912051%2Cp_6%3AANEGB3WVEVKZB&rnid=5355409051&s=kitchen&sr=1-8,'https://www.amazon.com.au/Mercer-Culinary-Genesis-10-Inch-Bolster/dp/B00DT1XICO/ref=sr_1_8?dchild=1&m=ANEGB3WVEVKZB&qid=1601494762&refinements=p_36%3A3900-5000%2Cp_n_free_shipping_eligible%3A5363790051%2Cp_72%3A2547912051%2Cp_6%3AANEGB3WVEVKZB&rnid=5355409051&s=kitchen&sr=1-8',,,,,,,,
https://www.amazon.com.au/Lodge-Pre-Seasoned-Carbon-Steel-Skillet/dp/B005U93S4G/ref=sr_1_253?dchild=1&m=ANEGB3WVEVKZB&qid=1601494762&refinements=p_36%3A3900-5000%2Cp_n_free_shipping_eligible%3A5363790051%2Cp_72%3A2547912051%2Cp_6%3AANEGB3WVEVKZB&rnid=5355409051&s=kitchen&sr=1-253,'https://www.amazon.com.au/Lodge-Pre-Seasoned-Carbon-Steel-Skillet/dp/B005U93S4G/ref=sr_1_253?dchild=1&m=ANEGB3WVEVKZB&qid=1601494762&refinements=p_36%3A3900-5000%2Cp_n_free_shipping_eligible%3A5363790051%2Cp_72%3A2547912051%2Cp_6%3AANEGB3WVEVKZB&rnid=5355409051&s=kitchen&sr=1-253',,,,,,,,
https://www.amazon.com.au/Progressive-55123-Slice-Chopper-Multicolored/dp/B00F67TJSQ/ref=sr_1_318?dchild=1&m=ANEGB3WVEVKZB&qid=1601494762&refinements=p_36%3A3900-5000%2Cp_n_free_shipping_eligible%3A5363790051%2Cp_72%3A2547912051%2Cp_6%3AANEGB3WVEVKZB&rnid=5355409051&s=kitchen&sr=1-318,'https://www.amazon.com.au/Progressive-55123-Slice-Chopper-Multicolored/dp/B00F67TJSQ/ref=sr_1_318?dchild=1&m=ANEGB3WVEVKZB&qid=1601494762&refinements=p_36%3A3900-5000%2Cp_n_free_shipping_eligible%3A5363790051%2Cp_72%3A2547912051%2Cp_6%3AANEGB3WVEVKZB&rnid=5355409051&s=kitchen&sr=1-318',,,,,,,,
https://www.amazon.com.au/Matfer-Bourgeat-062001-Frying-8-Inch/dp/B00077H56I/ref=sr_1_254?dchild=1&m=ANEGB3WVEVKZB&qid=1601494762&refinements=p_36%3A3900-5000%2Cp_n_free_shipping_eligible%3A5363790051%2Cp_72%3A2547912051%2Cp_6%3AANEGB3WVEVKZB&rnid=5355409051&s=kitchen&sr=1-254,'https://www.amazon.com.au/Matfer-Bourgeat-062001-Frying-8-Inch/dp/B00077H56I/ref=sr_1_254?dchild=1&m=ANEGB3WVEVKZB&qid=1601494762&refinements=p_36%3A3900-5000%2Cp_n_free_shipping_eligible%3A5363790051%2Cp_72%3A2547912051%2Cp_6%3AANEGB3WVEVKZB&rnid=5355409051&s=kitchen&sr=1-254',,,,,,,,
https://www.amazon.com.au/Brabantia-Pedal-newICON-Waste-Metallic/dp/B01LZMYD03/ref=sr_1_50?dchild=1&m=ANEGB3WVEVKZB&qid=1601494762&refinements=p_36%3A3900-5000%2Cp_n_free_shipping_eligible%3A5363790051%2Cp_72%3A2547912051%2Cp_6%3AANEGB3WVEVKZB&rnid=5355409051&s=kitchen&sr=1-50,'https://www.amazon.com.au/Brabantia-Pedal-newICON-Waste-Metallic/dp/B01LZMYD03/ref=sr_1_50?dchild=1&m=ANEGB3WVEVKZB&qid=1601494762&refinements=p_36%3A3900-5000%2Cp_n_free_shipping_eligible%3A5363790051%2Cp_72%3A2547912051%2Cp_6%3AANEGB3WVEVKZB&rnid=5355409051&s=kitchen&sr=1-50',,,,,,,,
https://www.amazon.com.au/Creuset-Wine-Accessories-Bottle-Cooler/dp/B005GUA5UY/ref=sr_1_52?dchild=1&m=ANEGB3WVEVKZB&qid=1601494762&refinements=p_36%3A3900-5000%2Cp_n_free_shipping_eligible%3A5363790051%2Cp_72%3A2547912051%2Cp_6%3AANEGB3WVEVKZB&rnid=5355409051&s=kitchen&sr=1-52,'https://www.amazon.com.au/Creuset-Wine-Accessories-Bottle-Cooler/dp/B005GUA5UY/ref=sr_1_52?dchild=1&m=ANEGB3WVEVKZB&qid=1601494762&refinements=p_36%3A3900-5000%2Cp_n_free_shipping_eligible%3A5363790051%2Cp_72%3A2547912051%2Cp_6%3AANEGB3WVEVKZB&rnid=5355409051&s=kitchen&sr=1-52',,,,,,,,
https://www.amazon.com.au/Stainless-Steel-Fine-Tongs-12-2-inch/dp/B0007VHCQ2/ref=sr_1_55?dchild=1&m=ANEGB3WVEVKZB&qid=1601494762&refinements=p_36%3A3900-5000%2Cp_n_free_shipping_eligible%3A5363790051%2Cp_72%3A2547912051%2Cp_6%3AANEGB3WVEVKZB&rnid=5355409051&s=kitchen&sr=1-55,'https://www.amazon.com.au/Stainless-Steel-Fine-Tongs-12-2-inch/dp/B0007VHCQ2/ref=sr_1_55?dchild=1&m=ANEGB3WVEVKZB&qid=1601494762&refinements=p_36%3A3900-5000%2Cp_n_free_shipping_eligible%3A5363790051%2Cp_72%3A2547912051%2Cp_6%3AANEGB3WVEVKZB&rnid=5355409051&s=kitchen&sr=1-55',,,,,,,,
https://www.amazon.com.au/Zojirushi-SM-TA48XA-Stainless-Insulated-16-Ounce/dp/B07FKL258M/ref=sr_1_179?dchild=1&m=ANEGB3WVEVKZB&qid=1601494762&refinements=p_36%3A3900-5000%2Cp_n_free_shipping_eligible%3A5363790051%2Cp_72%3A2547912051%2Cp_6%3AANEGB3WVEVKZB&rnid=5355409051&s=kitchen&sr=1-179,'https://www.amazon.com.au/Zojirushi-SM-TA48XA-Stainless-Insulated-16-Ounce/dp/B07FKL258M/ref=sr_1_179?dchild=1&m=ANEGB3WVEVKZB&qid=1601494762&refinements=p_36%3A3900-5000%2Cp_n_free_shipping_eligible%3A5363790051%2Cp_72%3A2547912051%2Cp_6%3AANEGB3WVEVKZB&rnid=5355409051&s=kitchen&sr=1-179',,,,,,,,
https://www.amazon.com.au/Leifheit-Rolly-Mobile-Roll-Holder/dp/B000B8FNVC/ref=sr_1_320?dchild=1&m=ANEGB3WVEVKZB&qid=1601494762&refinements=p_36%3A3900-5000%2Cp_n_free_shipping_eligible%3A5363790051%2Cp_72%3A2547912051%2Cp_6%3AANEGB3WVEVKZB&rnid=5355409051&s=kitchen&sr=1-320,'https://www.amazon.com.au/Leifheit-Rolly-Mobile-Roll-Holder/dp/B000B8FNVC/ref=sr_1_320?dchild=1&m=ANEGB3WVEVKZB&qid=1601494762&refinements=p_36%3A3900-5000%2Cp_n_free_shipping_eligible%3A5363790051%2Cp_72%3A2547912051%2Cp_6%3AANEGB3WVEVKZB&rnid=5355409051&s=kitchen&sr=1-320',,,,,,,,
https://www.amazon.com.au/Bodum-Bistro-Piece-Double-Latte/dp/B01K7MX8FY/ref=sr_1_120?dchild=1&m=ANEGB3WVEVKZB&qid=1601494762&refinements=p_36%3A3900-5000%2Cp_n_free_shipping_eligible%3A5363790051%2Cp_72%3A2547912051%2Cp_6%3AANEGB3WVEVKZB&rnid=5355409051&s=kitchen&sr=1-120,'https://www.amazon.com.au/Bodum-Bistro-Piece-Double-Latte/dp/B01K7MX8FY/ref=sr_1_120?dchild=1&m=ANEGB3WVEVKZB&qid=1601494762&refinements=p_36%3A3900-5000%2Cp_n_free_shipping_eligible%3A5363790051%2Cp_72%3A2547912051%2Cp_6%3AANEGB3WVEVKZB&rnid=5355409051&s=kitchen&sr=1-120',,,,,,,,
https://www.amazon.com.au/Calphalon-Contemporary-Hard-Anodized-Aluminum-Nonstick/dp/B00DE1BWNQ/ref=sr_1_121?dchild=1&m=ANEGB3WVEVKZB&qid=1601494762&refinements=p_36%3A3900-5000%2Cp_n_free_shipping_eligible%3A5363790051%2Cp_72%3A2547912051%2Cp_6%3AANEGB3WVEVKZB&rnid=5355409051&s=kitchen&sr=1-121,'https://www.amazon.com.au/Calphalon-Contemporary-Hard-Anodized-Aluminum-Nonstick/dp/B00DE1BWNQ/ref=sr_1_121?dchild=1&m=ANEGB3WVEVKZB&qid=1601494762&refinements=p_36%3A3900-5000%2Cp_n_free_shipping_eligible%3A5363790051%2Cp_72%3A2547912051%2Cp_6%3AANEGB3WVEVKZB&rnid=5355409051&s=kitchen&sr=1-121',,,,,,,,
https://www.amazon.com.au/Hampton-Forge-HMC01E550S-Tomodachi-10-Pieces/dp/B00GD6J51K/ref=sr_1_14?dchild=1&m=ANEGB3WVEVKZB&qid=1601494762&refinements=p_36%3A3900-5000%2Cp_n_free_shipping_eligible%3A5363790051%2Cp_72%3A2547912051%2Cp_6%3AANEGB3WVEVKZB&rnid=5355409051&s=kitchen&sr=1-14,'https://www.amazon.com.au/Hampton-Forge-HMC01E550S-Tomodachi-10-Pieces/dp/B00GD6J51K/ref=sr_1_14?dchild=1&m=ANEGB3WVEVKZB&qid=1601494762&refinements=p_36%3A3900-5000%2Cp_n_free_shipping_eligible%3A5363790051%2Cp_72%3A2547912051%2Cp_6%3AANEGB3WVEVKZB&rnid=5355409051&s=kitchen&sr=1-14',,,,,,,,
https://www.amazon.com.au/USA-1606CR-3-ABC-American-Bakeware-Aluminized/dp/B07QZ9GZ2T/ref=sr_1_57?dchild=1&m=ANEGB3WVEVKZB&qid=1601494762&refinements=p_36%3A3900-5000%2Cp_n_free_shipping_eligible%3A5363790051%2Cp_72%3A2547912051%2Cp_6%3AANEGB3WVEVKZB&rnid=5355409051&s=kitchen&sr=1-57,'https://www.amazon.com.au/USA-1606CR-3-ABC-American-Bakeware-Aluminized/dp/B07QZ9GZ2T/ref=sr_1_57?dchild=1&m=ANEGB3WVEVKZB&qid=1601494762&refinements=p_36%3A3900-5000%2Cp_n_free_shipping_eligible%3A5363790051%2Cp_72%3A2547912051%2Cp_6%3AANEGB3WVEVKZB&rnid=5355409051&s=kitchen&sr=1-57',,,,,,,,
https://www.amazon.com.au/PackIt-Freezable-Deluxe-Large-Shoulder/dp/B00SJRMD38/ref=sr_1_257?dchild=1&m=ANEGB3WVEVKZB&qid=1601494762&refinements=p_36%3A3900-5000%2Cp_n_free_shipping_eligible%3A5363790051%2Cp_72%3A2547912051%2Cp_6%3AANEGB3WVEVKZB&rnid=5355409051&s=kitchen&sr=1-257,'https://www.amazon.com.au/PackIt-Freezable-Deluxe-Large-Shoulder/dp/B00SJRMD38/ref=sr_1_257?dchild=1&m=ANEGB3WVEVKZB&qid=1601494762&refinements=p_36%3A3900-5000%2Cp_n_free_shipping_eligible%3A5363790051%2Cp_72%3A2547912051%2Cp_6%3AANEGB3WVEVKZB&rnid=5355409051&s=kitchen&sr=1-257',,,,,,,,
https://www.amazon.com.au/Benriner-Classic-Vegetable-Slicer-Ivory/dp/B000LCP6EW/ref=sr_1_126?dchild=1&m=ANEGB3WVEVKZB&qid=1601494762&refinements=p_36%3A3900-5000%2Cp_n_free_shipping_eligible%3A5363790051%2Cp_72%3A2547912051%2Cp_6%3AANEGB3WVEVKZB&rnid=5355409051&s=kitchen&sr=1-126,'https://www.amazon.com.au/Benriner-Classic-Vegetable-Slicer-Ivory/dp/B000LCP6EW/ref=sr_1_126?dchild=1&m=ANEGB3WVEVKZB&qid=1601494762&refinements=p_36%3A3900-5000%2Cp_n_free_shipping_eligible%3A5363790051%2Cp_72%3A2547912051%2Cp_6%3AANEGB3WVEVKZB&rnid=5355409051&s=kitchen&sr=1-126',,,,,,,,
https://www.amazon.com.au/Zwilling-J-Henckels-Sharpener/dp/B00006CJLM/ref=sr_1_323?dchild=1&m=ANEGB3WVEVKZB&qid=1601494762&refinements=p_36%3A3900-5000%2Cp_n_free_shipping_eligible%3A5363790051%2Cp_72%3A2547912051%2Cp_6%3AANEGB3WVEVKZB&rnid=5355409051&s=kitchen&sr=1-323,'https://www.amazon.com.au/Zwilling-J-Henckels-Sharpener/dp/B00006CJLM/ref=sr_1_323?dchild=1&m=ANEGB3WVEVKZB&qid=1601494762&refinements=p_36%3A3900-5000%2Cp_n_free_shipping_eligible%3A5363790051%2Cp_72%3A2547912051%2Cp_6%3AANEGB3WVEVKZB&rnid=5355409051&s=kitchen&sr=1-323',,,,,,,,
https://www.amazon.com.au/Epicurean-Non-Slip-Cutting-14-5-Inch-11-25-Inch/dp/B00EEKYGNO/ref=sr_1_127?dchild=1&m=ANEGB3WVEVKZB&qid=1601494762&refinements=p_36%3A3900-5000%2Cp_n_free_shipping_eligible%3A5363790051%2Cp_72%3A2547912051%2Cp_6%3AANEGB3WVEVKZB&rnid=5355409051&s=kitchen&sr=1-127,'https://www.amazon.com.au/Epicurean-Non-Slip-Cutting-14-5-Inch-11-25-Inch/dp/B00EEKYGNO/ref=sr_1_127?dchild=1&m=ANEGB3WVEVKZB&qid=1601494762&refinements=p_36%3A3900-5000%2Cp_n_free_shipping_eligible%3A5363790051%2Cp_72%3A2547912051%2Cp_6%3AANEGB3WVEVKZB&rnid=5355409051&s=kitchen&sr=1-127',,,,,,,,
https://www.amazon.com.au/Soma-6-Cup-Water-Filter-Carafe/dp/B01I50D75Q/ref=sr_1_423?dchild=1&m=ANEGB3WVEVKZB&qid=1601494762&refinements=p_36%3A3900-5000%2Cp_n_free_shipping_eligible%3A5363790051%2Cp_72%3A2547912051%2Cp_6%3AANEGB3WVEVKZB&rnid=5355409051&s=kitchen&sr=1-423,'https://www.amazon.com.au/Soma-6-Cup-Water-Filter-Carafe/dp/B01I50D75Q/ref=sr_1_423?dchild=1&m=ANEGB3WVEVKZB&qid=1601494762&refinements=p_36%3A3900-5000%2Cp_n_free_shipping_eligible%3A5363790051%2Cp_72%3A2547912051%2Cp_6%3AANEGB3WVEVKZB&rnid=5355409051&s=kitchen&sr=1-423',,,,,,,,
https://www.amazon.com.au/Bodum-Pavina-Double-Glass-350ml/dp/B001HX4IYS/ref=sr_1_60?dchild=1&m=ANEGB3WVEVKZB&qid=1601494762&refinements=p_36%3A3900-5000%2Cp_n_free_shipping_eligible%3A5363790051%2Cp_72%3A2547912051%2Cp_6%3AANEGB3WVEVKZB&rnid=5355409051&s=kitchen&sr=1-60,'https://www.amazon.com.au/Bodum-Pavina-Double-Glass-350ml/dp/B001HX4IYS/ref=sr_1_60?dchild=1&m=ANEGB3WVEVKZB&qid=1601494762&refinements=p_36%3A3900-5000%2Cp_n_free_shipping_eligible%3A5363790051%2Cp_72%3A2547912051%2Cp_6%3AANEGB3WVEVKZB&rnid=5355409051&s=kitchen&sr=1-60',,,,,,,,
https://www.amazon.com.au/Creuset-Classic-Pepper-Mill-Cerise/dp/B00HNP42AE/ref=sr_1_262?dchild=1&m=ANEGB3WVEVKZB&qid=1601494762&refinements=p_36%3A3900-5000%2Cp_n_free_shipping_eligible%3A5363790051%2Cp_72%3A2547912051%2Cp_6%3AANEGB3WVEVKZB&rnid=5355409051&s=kitchen&sr=1-262,'https://www.amazon.com.au/Creuset-Classic-Pepper-Mill-Cerise/dp/B00HNP42AE/ref=sr_1_262?dchild=1&m=ANEGB3WVEVKZB&qid=1601494762&refinements=p_36%3A3900-5000%2Cp_n_free_shipping_eligible%3A5363790051%2Cp_72%3A2547912051%2Cp_6%3AANEGB3WVEVKZB&rnid=5355409051&s=kitchen&sr=1-262',,,,,,,,
https://www.amazon.com.au/Soehnle-Compact-acccurate-Measuring-Electronic/dp/B079J5CWSY/ref=sr_1_192?dchild=1&m=ANEGB3WVEVKZB&qid=1601494762&refinements=p_36%3A3900-5000%2Cp_n_free_shipping_eligible%3A5363790051%2Cp_72%3A2547912051%2Cp_6%3AANEGB3WVEVKZB&rnid=5355409051&s=kitchen&sr=1-192,'https://www.amazon.com.au/Soehnle-Compact-acccurate-Measuring-Electronic/dp/B079J5CWSY/ref=sr_1_192?dchild=1&m=ANEGB3WVEVKZB&qid=1601494762&refinements=p_36%3A3900-5000%2Cp_n_free_shipping_eligible%3A5363790051%2Cp_72%3A2547912051%2Cp_6%3AANEGB3WVEVKZB&rnid=5355409051&s=kitchen&sr=1-192',,,,,,,,
https://www.amazon.com.au/Alligator-4-Inch-Dicer-Collector-White/dp/B000H7AFSI/ref=sr_1_481?dchild=1&m=ANEGB3WVEVKZB&qid=1601494762&refinements=p_36%3A3900-5000%2Cp_n_free_shipping_eligible%3A5363790051%2Cp_72%3A2547912051%2Cp_6%3AANEGB3WVEVKZB&rnid=5355409051&s=kitchen&sr=1-481,'https://www.amazon.com.au/Alligator-4-Inch-Dicer-Collector-White/dp/B000H7AFSI/ref=sr_1_481?dchild=1&m=ANEGB3WVEVKZB&qid=1601494762&refinements=p_36%3A3900-5000%2Cp_n_free_shipping_eligible%3A5363790051%2Cp_72%3A2547912051%2Cp_6%3AANEGB3WVEVKZB&rnid=5355409051&s=kitchen&sr=1-481',,,,,,,,
https://www.amazon.com.au/Kuchenprofi-Stainless-Steel-Funnel-Filter/dp/B00008WV52/ref=sr_1_128?dchild=1&m=ANEGB3WVEVKZB&qid=1601494762&refinements=p_36%3A3900-5000%2Cp_n_free_shipping_eligible%3A5363790051%2Cp_72%3A2547912051%2Cp_6%3AANEGB3WVEVKZB&rnid=5355409051&s=kitchen&sr=1-128,'https://www.amazon.com.au/Kuchenprofi-Stainless-Steel-Funnel-Filter/dp/B00008WV52/ref=sr_1_128?dchild=1&m=ANEGB3WVEVKZB&qid=1601494762&refinements=p_36%3A3900-5000%2Cp_n_free_shipping_eligible%3A5363790051%2Cp_72%3A2547912051%2Cp_6%3AANEGB3WVEVKZB&rnid=5355409051&s=kitchen&sr=1-128',,,,,,,,
https://www.amazon.com.au/Dr-Oetker-2367-Quality-Bakeware/dp/B000UVHY76/ref=sr_1_129?dchild=1&m=ANEGB3WVEVKZB&qid=1601494762&refinements=p_36%3A3900-5000%2Cp_n_free_shipping_eligible%3A5363790051%2Cp_72%3A2547912051%2Cp_6%3AANEGB3WVEVKZB&rnid=5355409051&s=kitchen&sr=1-129,'https://www.amazon.com.au/Dr-Oetker-2367-Quality-Bakeware/dp/B000UVHY76/ref=sr_1_129?dchild=1&m=ANEGB3WVEVKZB&qid=1601494762&refinements=p_36%3A3900-5000%2Cp_n_free_shipping_eligible%3A5363790051%2Cp_72%3A2547912051%2Cp_6%3AANEGB3WVEVKZB&rnid=5355409051&s=kitchen&sr=1-129',,,,,,,,
https://www.amazon.com.au/Adhoc-Stainless-Acrylic-Cutter-8-Inch/dp/B003EGCTGU/ref=sr_1_195?dchild=1&m=ANEGB3WVEVKZB&qid=1601494762&refinements=p_36%3A3900-5000%2Cp_n_free_shipping_eligible%3A5363790051%2Cp_72%3A2547912051%2Cp_6%3AANEGB3WVEVKZB&rnid=5355409051&s=kitchen&sr=1-195,'https://www.amazon.com.au/Adhoc-Stainless-Acrylic-Cutter-8-Inch/dp/B003EGCTGU/ref=sr_1_195?dchild=1&m=ANEGB3WVEVKZB&qid=1601494762&refinements=p_36%3A3900-5000%2Cp_n_free_shipping_eligible%3A5363790051%2Cp_72%3A2547912051%2Cp_6%3AANEGB3WVEVKZB&rnid=5355409051&s=kitchen&sr=1-195',,,,,,,,
https://www.amazon.com.au/Linen-Burlap-Potato-Sacks-23x40/dp/B01H73PBYW/ref=sr_1_196?dchild=1&m=ANEGB3WVEVKZB&qid=1601494762&refinements=p_36%3A3900-5000%2Cp_n_free_shipping_eligible%3A5363790051%2Cp_72%3A2547912051%2Cp_6%3AANEGB3WVEVKZB&rnid=5355409051&s=kitchen&sr=1-196,'https://www.amazon.com.au/Linen-Burlap-Potato-Sacks-23x40/dp/B01H73PBYW/ref=sr_1_196?dchild=1&m=ANEGB3WVEVKZB&qid=1601494762&refinements=p_36%3A3900-5000%2Cp_n_free_shipping_eligible%3A5363790051%2Cp_72%3A2547912051%2Cp_6%3AANEGB3WVEVKZB&rnid=5355409051&s=kitchen&sr=1-196',,,,,,,,
https://www.amazon.com.au/8-Cup-Stainless-Stovetop-Coffee-Percolator/dp/B074WC9QTJ/ref=sr_1_130?dchild=1&m=ANEGB3WVEVKZB&qid=1601494762&refinements=p_36%3A3900-5000%2Cp_n_free_shipping_eligible%3A5363790051%2Cp_72%3A2547912051%2Cp_6%3AANEGB3WVEVKZB&rnid=5355409051&s=kitchen&sr=1-130,'https://www.amazon.com.au/8-Cup-Stainless-Stovetop-Coffee-Percolator/dp/B074WC9QTJ/ref=sr_1_130?dchild=1&m=ANEGB3WVEVKZB&qid=1601494762&refinements=p_36%3A3900-5000%2Cp_n_free_shipping_eligible%3A5363790051%2Cp_72%3A2547912051%2Cp_6%3AANEGB3WVEVKZB&rnid=5355409051&s=kitchen&sr=1-130',,,,,,,,
